Sharia,Rheba,rbushnell0@nasa.gov,scrypt:32768:8:1$WZoNaqSkI9k4dIQR$79875ba02ff023d492e814420fd62ed22c1b0315e331b1f363ac9bae48e16a751285705da4a5cd87e6431af4a242ee33daa50e0614bb8375bfc70b0c949a3b2a,258-255-4325,1
Celine,Tomaso,thysom1@ibm.com,scrypt:32768:8:1$WZoNaqSkI9k4dIQR$79875ba02ff023d492e814420fd62ed22c1b0315e331b1f363ac9bae48e16a751285705da4a5cd87e6431af4a242ee33daa50e0614bb8375bfc70b0c949a3b2a,638-936-7638,0
Maximo,Urbanus,uspurnier2@chron.com,scrypt:32768:8:1$WZoNaqSkI9k4dIQR$79875ba02ff023d492e814420fd62ed22c1b0315e331b1f363ac9bae48e16a751285705da4a5cd87e6431af4a242ee33daa50e0614bb8375bfc70b0c949a3b2a,355-127-3935,1
Joelle,Wendel,wcunliffe3@home.pl,scrypt:32768:8:1$WZoNaqSkI9k4dIQR$79875ba02ff023d492e814420fd62ed22c1b0315e331b1f363ac9bae48e16a751285705da4a5cd87e6431af4a242ee33daa50e0614bb8375bfc70b0c949a3b2a,613-403-0234,0
Carole,Stevena,sitscowicz4@facebook.com,scrypt:32768:8:1$CCOMol9BtlqbQSZo$8445270dac7c6b7d45820e4f0478f297bb562d35c09120978990ca671916e3b6a48ff8dfad51dd046da37ae91ef4a701ff27555a150d5b809413213f0d19a75e,805-854-3534,1
Matthus,Giacopo,gmargram5@etsy.com,scrypt:32768:8:1$CCOMol9BtlqbQSZo$8445270dac7c6b7d45820e4f0478f297bb562d35c09120978990ca671916e3b6a48ff8dfad51dd046da37ae91ef4a701ff27555a150d5b809413213f0d19a75e,954-606-5041,1
Arline,Maire,mswepson6@sohu.com,scrypt:32768:8:1$CCOMol9BtlqbQSZo$8445270dac7c6b7d45820e4f0478f297bb562d35c09120978990ca671916e3b6a48ff8dfad51dd046da37ae91ef4a701ff27555a150d5b809413213f0d19a75e,946-850-8898,0
Tara,Brnaba,bdesaur7@irs.gov,scrypt:32768:8:1$CCOMol9BtlqbQSZo$8445270dac7c6b7d45820e4f0478f297bb562d35c09120978990ca671916e3b6a48ff8dfad51dd046da37ae91ef4a701ff27555a150d5b809413213f0d19a75e,125-921-9645,0
Brucie,Petey,pjanaszkiewicz8@friendfeed.com,scrypt:32768:8:1$CCOMol9BtlqbQSZo$8445270dac7c6b7d45820e4f0478f297bb562d35c09120978990ca671916e3b6a48ff8dfad51dd046da37ae91ef4a701ff27555a150d5b809413213f0d19a75e,570-227-9674,0
Dallon,Wallache,wfrancino9@blinklist.com,scrypt:32768:8:1$CCOMol9BtlqbQSZo$8445270dac7c6b7d45820e4f0478f297bb562d35c09120978990ca671916e3b6a48ff8dfad51dd046da37ae91ef4a701ff27555a150d5b809413213f0d19a75e,917-620-7229,0
Cleavland,Urbanus,ubaigriea@deliciousdays.com,scrypt:32768:8:1$SmXn4xzGh9GSQ5Mf$c963e4163142c6f6838186e81fd76e602c3d31e4c6789298b10e3c5e21235d486d9d3fa8ed97f9b980eb7e04a48f1e6ea9ca442726ea3ca16943c6832a7089bc,238-207-8371,1
Torrin,Keefe,kcollocottb@shop-pro.jp,scrypt:32768:8:1$SmXn4xzGh9GSQ5Mf$c963e4163142c6f6838186e81fd76e602c3d31e4c6789298b10e3c5e21235d486d9d3fa8ed97f9b980eb7e04a48f1e6ea9ca442726ea3ca16943c6832a7089bc,677-761-3754,0
Farlie,Jacquenetta,jhapkec@hhs.gov,scrypt:32768:8:1$SmXn4xzGh9GSQ5Mf$c963e4163142c6f6838186e81fd76e602c3d31e4c6789298b10e3c5e21235d486d9d3fa8ed97f9b980eb7e04a48f1e6ea9ca442726ea3ca16943c6832a7089bc,715-272-2508,1
Buddy,Joscelin,jmarinid@google.ca,scrypt:32768:8:1$SmXn4xzGh9GSQ5Mf$c963e4163142c6f6838186e81fd76e602c3d31e4c6789298b10e3c5e21235d486d9d3fa8ed97f9b980eb7e04a48f1e6ea9ca442726ea3ca16943c6832a7089bc,951-251-4722,1
Jamil,Reinaldos,rreyee@xinhuanet.com,scrypt:32768:8:1$SmXn4xzGh9GSQ5Mf$c963e4163142c6f6838186e81fd76e602c3d31e4c6789298b10e3c5e21235d486d9d3fa8ed97f9b980eb7e04a48f1e6ea9ca442726ea3ca16943c6832a7089bc,364-408-6500,1
Rossie,Curr,caggissf@opensource.org,scrypt:32768:8:1$S1bieyaOIfuNDAIF$6e05d475a7b547f2494c5d0d58f238a9b2c7d8b19022385234f53e456dd0321e018a43f8c8163fa1b0483aa6b096acdf651e4f6b643637768de61bdb1bc70de4,138-136-3957,0
Geoffry,Claudell,crichensg@a8.net,scrypt:32768:8:1$S1bieyaOIfuNDAIF$6e05d475a7b547f2494c5d0d58f238a9b2c7d8b19022385234f53e456dd0321e018a43f8c8163fa1b0483aa6b096acdf651e4f6b643637768de61bdb1bc70de4,805-673-4983,0
Prescott,Hill,hbladderh@disqus.com,scrypt:32768:8:1$S1bieyaOIfuNDAIF$6e05d475a7b547f2494c5d0d58f238a9b2c7d8b19022385234f53e456dd0321e018a43f8c8163fa1b0483aa6b096acdf651e4f6b643637768de61bdb1bc70de4,260-915-7833,0
Zelig,Nyssa,ncastledinei@usatoday.com,scrypt:32768:8:1$S1bieyaOIfuNDAIF$6e05d475a7b547f2494c5d0d58f238a9b2c7d8b19022385234f53e456dd0321e018a43f8c8163fa1b0483aa6b096acdf651e4f6b643637768de61bdb1bc70de4,304-326-7517,0
Jeno,Vanya,vdavanaj@thetimes.co.uk,scrypt:32768:8:1$1EJOty46HTj7jUDt$56129a434bcc09a64534ae92e3d24d31987c5fefdd54574aa8736bcde6c6228c3abdf1a2e3ff2e7505d8dae8873fa57a1dc8b27b7597e02a4c12c9b717abe75e,819-739-9307,0
Efren,Sophie,sdurrantk@home.pl,scrypt:32768:8:1$1EJOty46HTj7jUDt$56129a434bcc09a64534ae92e3d24d31987c5fefdd54574aa8736bcde6c6228c3abdf1a2e3ff2e7505d8dae8873fa57a1dc8b27b7597e02a4c12c9b717abe75e,880-862-9759,0
Lewie,Alisha,aomonahanl@themeforest.net,scrypt:32768:8:1$1EJOty46HTj7jUDt$56129a434bcc09a64534ae92e3d24d31987c5fefdd54574aa8736bcde6c6228c3abdf1a2e3ff2e7505d8dae8873fa57a1dc8b27b7597e02a4c12c9b717abe75e,562-406-2553,1
Pearline,Barrie,bgreavem@arstechnica.com,scrypt:32768:8:1$1EJOty46HTj7jUDt$56129a434bcc09a64534ae92e3d24d31987c5fefdd54574aa8736bcde6c6228c3abdf1a2e3ff2e7505d8dae8873fa57a1dc8b27b7597e02a4c12c9b717abe75e,106-715-8221,0
Alberta,Eddy,ehuotn@boston.com,scrypt:32768:8:1$1EJOty46HTj7jUDt$56129a434bcc09a64534ae92e3d24d31987c5fefdd54574aa8736bcde6c6228c3abdf1a2e3ff2e7505d8dae8873fa57a1dc8b27b7597e02a4c12c9b717abe75e,849-727-2605,0
Duky,Dasie,dondrouseko@scribd.com,scrypt:32768:8:1$Brrs38GxslcTosHz$ce54bd0d2f9c12418a3f8d70f51dccebe220ac8431a809191ff2625c707120499bdc0d79f89fb14ae8899dc43662f33d9754fbc869c6c2dcb0af3c773a9c7b99,824-864-8014,0
Stillman,Giulia,giacovazzip@etsy.com,scrypt:32768:8:1$Brrs38GxslcTosHz$ce54bd0d2f9c12418a3f8d70f51dccebe220ac8431a809191ff2625c707120499bdc0d79f89fb14ae8899dc43662f33d9754fbc869c6c2dcb0af3c773a9c7b99,231-605-9433,0
Augy,Ruggiero,rhorsefieldq@discuz.net,scrypt:32768:8:1$Brrs38GxslcTosHz$ce54bd0d2f9c12418a3f8d70f51dccebe220ac8431a809191ff2625c707120499bdc0d79f89fb14ae8899dc43662f33d9754fbc869c6c2dcb0af3c773a9c7b99,999-839-1311,0
Gloria,Rayner,rmcterrellyr@ycombinator.com,scrypt:32768:8:1$Brrs38GxslcTosHz$ce54bd0d2f9c12418a3f8d70f51dccebe220ac8431a809191ff2625c707120499bdc0d79f89fb14ae8899dc43662f33d9754fbc869c6c2dcb0af3c773a9c7b99,473-152-8867,0
Gunter,Richart,rtreaguss@sina.com.cn,scrypt:32768:8:1$Brrs38GxslcTosHz$ce54bd0d2f9c12418a3f8d70f51dccebe220ac8431a809191ff2625c707120499bdc0d79f89fb14ae8899dc43662f33d9754fbc869c6c2dcb0af3c773a9c7b99,305-262-5806,1
Cecelia,Brigg,bpraundlint@t.co,scrypt:32768:8:1$LblfLFRlWzGfi1mK$9229e3360bb4bf1c052f4d8f219fe399e9c4072445b1b8a710e933423fa822b013129c6a20ed835227db676893d5643950b3c5a9f3f90cc930bfaedf0bd81bc3,130-830-1330,0
Gris,M,Tibold,tmcmurthyu@ask.com,scrypt:32768:8:1$LblfLFRlWzGfi1mK$9229e3360bb4bf1c052f4d8f219fe399e9c4072445b1b8a710e933423fa822b013129c6a20ed835227db676893d5643950b3c5a9f3f90cc930bfaedf0bd81bc3,192-723-8725,0
Terrell,Carmelina,celkingtonv@mayoclinic.com,scrypt:32768:8:1$LblfLFRlWzGfi1mK$9229e3360bb4bf1c052f4d8f219fe399e9c4072445b1b8a710e933423fa822b013129c6a20ed835227db676893d5643950b3c5a9f3f90cc930bfaedf0bd81bc3,661-670-6032,1
Augusto,Selene,sszymanzykw@addtoany.com,scrypt:32768:8:1$LblfLFRlWzGfi1mK$9229e3360bb4bf1c052f4d8f219fe399e9c4072445b1b8a710e933423fa822b013129c6a20ed835227db676893d5643950b3c5a9f3f90cc930bfaedf0bd81bc3,176-557-2603,1
Maribel,Selia,syggox@tripod.com,scrypt:32768:8:1$LblfLFRlWzGfi1mK$9229e3360bb4bf1c052f4d8f219fe399e9c4072445b1b8a710e933423fa822b013129c6a20ed835227db676893d5643950b3c5a9f3f90cc930bfaedf0bd81bc3,439-653-5264,0
Zachery,Candace,cregorzy@prweb.com,scrypt:32768:8:1$LblfLFRlWzGfi1mK$9229e3360bb4bf1c052f4d8f219fe399e9c4072445b1b8a710e933423fa822b013129c6a20ed835227db676893d5643950b3c5a9f3f90cc930bfaedf0bd81bc3,341-776-9068,1
Welsh,Levon,lmapesz@cnet.com,scrypt:32768:8:1$p8BrN4zvKRKkf6Nq$d87676b81f8858bce690cab38e92c1e62f018ebd8010de066c7f680ed4a38b7c85796d0335b6c463b784e8fb2b49725f19531157864d35b4799e89ef3af4b75e,803-711-3755,1
Hedvig,Fredrick,fcoxhead10@webmd.com,scrypt:32768:8:1$p8BrN4zvKRKkf6Nq$d87676b81f8858bce690cab38e92c1e62f018ebd8010de066c7f680ed4a38b7c85796d0335b6c463b784e8fb2b49725f19531157864d35b4799e89ef3af4b75e,124-516-1836,0
Conney,Felicia,fnawton11@epa.gov,scrypt:32768:8:1$p8BrN4zvKRKkf6Nq$d87676b81f8858bce690cab38e92c1e62f018ebd8010de066c7f680ed4a38b7c85796d0335b6c463b784e8fb2b49725f19531157864d35b4799e89ef3af4b75e,362-101-3130,1
Adoree,Kally,kjaher12@shareasale.com,scrypt:32768:8:1$p8BrN4zvKRKkf6Nq$d87676b81f8858bce690cab38e92c1e62f018ebd8010de066c7f680ed4a38b7c85796d0335b6c463b784e8fb2b49725f19531157864d35b4799e89ef3af4b75e,865-140-5546,1
Melloney,Muhammad,msybbe13@merriam-webster.com,scrypt:32768:8:1$p8BrN4zvKRKkf6Nq$d87676b81f8858bce690cab38e92c1e62f018ebd8010de066c7f680ed4a38b7c85796d0335b6c463b784e8fb2b49725f19531157864d35b4799e89ef3af4b75e,237-219-8138,0
Flinn,Enrique,eghest14@uol.com.br,scrypt:32768:8:1$p8BrN4zvKRKkf6Nq$d87676b81f8858bce690cab38e92c1e62f018ebd8010de066c7f680ed4a38b7c85796d0335b6c463b784e8fb2b49725f19531157864d35b4799e89ef3af4b75e,425-428-1800,1
Lois,Pedro,pcharley15@mit.edu,scrypt:32768:8:1$EVGVRDoBT0NfSWhs$3bfc73fd65cbe4574dfcc6b806d62a9147b019e6afa6a1fd5776b2c3a9dc5f3a31d61bc69471d25b4cd0e1de8bb4dd60692e38e5dd4865ca14ee8d08a994eb88,104-222-3993,0
Keir,Linus,lmimmack16@google.es,scrypt:32768:8:1$EVGVRDoBT0NfSWhs$3bfc73fd65cbe4574dfcc6b806d62a9147b019e6afa6a1fd5776b2c3a9dc5f3a31d61bc69471d25b4cd0e1de8bb4dd60692e38e5dd4865ca14ee8d08a994eb88,893-442-4665,0
Cordie,Mozes,mfonte17@odnoklassniki.ru,scrypt:32768:8:1$EVGVRDoBT0NfSWhs$3bfc73fd65cbe4574dfcc6b806d62a9147b019e6afa6a1fd5776b2c3a9dc5f3a31d61bc69471d25b4cd0e1de8bb4dd60692e38e5dd4865ca14ee8d08a994eb88,708-874-1884,1
Gregg,Fitz,fhartrick18@springer.com,scrypt:32768:8:1$EVGVRDoBT0NfSWhs$3bfc73fd65cbe4574dfcc6b806d62a9147b019e6afa6a1fd5776b2c3a9dc5f3a31d61bc69471d25b4cd0e1de8bb4dd60692e38e5dd4865ca14ee8d08a994eb88,450-267-1241,1
Joceline,Jeremias,jsimoens19@senate.gov,scrypt:32768:8:1$EVGVRDoBT0NfSWhs$3bfc73fd65cbe4574dfcc6b806d62a9147b019e6afa6a1fd5776b2c3a9dc5f3a31d61bc69471d25b4cd0e1de8bb4dd60692e38e5dd4865ca14ee8d08a994eb88,698-370-0116,0
Katharina,Lanita,lgillio1a@odnoklassniki.ru,scrypt:32768:8:1$GEo91oDwG8yEpE7G$e7932a5aaf41e2aec3e4542943bd6226a2f8881dcbe919ccd382df6835819338d4eb5cca54ec43c47a37304363ac3e54f0cd7f4eaa398df73c021ac8c840b0f8,757-552-4195,0
Cob,Patti,pkieff1b@virginia.edu,scrypt:32768:8:1$GEo91oDwG8yEpE7G$e7932a5aaf41e2aec3e4542943bd6226a2f8881dcbe919ccd382df6835819338d4eb5cca54ec43c47a37304363ac3e54f0cd7f4eaa398df73c021ac8c840b0f8,377-211-6905,0
Pincas,Bat,bsalasar1c@about.me,scrypt:32768:8:1$GEo91oDwG8yEpE7G$e7932a5aaf41e2aec3e4542943bd6226a2f8881dcbe919ccd382df6835819338d4eb5cca54ec43c47a37304363ac3e54f0cd7f4eaa398df73c021ac8c840b0f8,511-961-6304,0
Jessie,Shannah,srobelet1d@thetimes.co.uk,scrypt:32768:8:1$GEo91oDwG8yEpE7G$e7932a5aaf41e2aec3e4542943bd6226a2f8881dcbe919ccd382df6835819338d4eb5cca54ec43c47a37304363ac3e54f0cd7f4eaa398df73c021ac8c840b0f8,607-738-6378,0
Garv,Wanda,wgreenough1e@constantcontact.com,scrypt:32768:8:1$GEo91oDwG8yEpE7G$e7932a5aaf41e2aec3e4542943bd6226a2f8881dcbe919ccd382df6835819338d4eb5cca54ec43c47a37304363ac3e54f0cd7f4eaa398df73c021ac8c840b0f8,543-792-1951,1
Priscilla,Sauncho,srivett1f@whitehouse.gov,scrypt:32768:8:1$8erxKitP85mwaiOY$138e0049a3ec2f819d2c858d1660c2c3a8724b38a1773a892a08396367d028477de9a41b1557db376c79047433c8f2ea16e239350dabbfe4a30b07c99f810207,219-502-8668,0
Naoma,Rollie,rmathison1g@ezinearticles.com,scrypt:32768:8:1$8erxKitP85mwaiOY$138e0049a3ec2f819d2c858d1660c2c3a8724b38a1773a892a08396367d028477de9a41b1557db376c79047433c8f2ea16e239350dabbfe4a30b07c99f810207,398-184-3298,0
Ericha,Maddie,mmozzetti1h@epa.gov,scrypt:32768:8:1$8erxKitP85mwaiOY$138e0049a3ec2f819d2c858d1660c2c3a8724b38a1773a892a08396367d028477de9a41b1557db376c79047433c8f2ea16e239350dabbfe4a30b07c99f810207,672-722-1018,0
Brigitta,Jeanna,jsnelman1i@istockphoto.com,scrypt:32768:8:1$8erxKitP85mwaiOY$138e0049a3ec2f819d2c858d1660c2c3a8724b38a1773a892a08396367d028477de9a41b1557db376c79047433c8f2ea16e239350dabbfe4a30b07c99f810207,649-273-8648,0
Idell,Tobias,temtage1j@quantcast.com,scrypt:32768:8:1$8erxKitP85mwaiOY$138e0049a3ec2f819d2c858d1660c2c3a8724b38a1773a892a08396367d028477de9a41b1557db376c79047433c8f2ea16e239350dabbfe4a30b07c99f810207,357-467-3694,1
Tracee,Emlynn,eriby1k@npr.org,scrypt:32768:8:1$7tl5mKSwhX8aYpU0$aaceecdeff62f75d3b47ce8e4d79271ab4e315736fa2b58e6655b1b975a58a6495a0e004a19e3d3c9af4ffdc11636c67c2f4e8c9440ba6de965cf559ea8a9a56,752-197-7986,0
Roderigo,Ingeberg,ifairham1l@about.me,scrypt:32768:8:1$7tl5mKSwhX8aYpU0$aaceecdeff62f75d3b47ce8e4d79271ab4e315736fa2b58e6655b1b975a58a6495a0e004a19e3d3c9af4ffdc11636c67c2f4e8c9440ba6de965cf559ea8a9a56,956-548-2589,1
Gaylene,Cristina,cbradnock1m@ning.com,scrypt:32768:8:1$7tl5mKSwhX8aYpU0$aaceecdeff62f75d3b47ce8e4d79271ab4e315736fa2b58e6655b1b975a58a6495a0e004a19e3d3c9af4ffdc11636c67c2f4e8c9440ba6de965cf559ea8a9a56,570-302-9066,0
Viole,Shanon,smallison1n@mashable.com,scrypt:32768:8:1$7tl5mKSwhX8aYpU0$aaceecdeff62f75d3b47ce8e4d79271ab4e315736fa2b58e6655b1b975a58a6495a0e004a19e3d3c9af4ffdc11636c67c2f4e8c9440ba6de965cf559ea8a9a56,946-104-6813,1
Davina,Ham,hseargeant1o@about.me,scrypt:32768:8:1$7tl5mKSwhX8aYpU0$aaceecdeff62f75d3b47ce8e4d79271ab4e315736fa2b58e6655b1b975a58a6495a0e004a19e3d3c9af4ffdc11636c67c2f4e8c9440ba6de965cf559ea8a9a56,961-879-2876,0
Gris,Patricio,plambrecht1p@bloglovin.com,scrypt:32768:8:1$7tl5mKSwhX8aYpU0$aaceecdeff62f75d3b47ce8e4d79271ab4e315736fa2b58e6655b1b975a58a6495a0e004a19e3d3c9af4ffdc11636c67c2f4e8c9440ba6de965cf559ea8a9a56,789-975-6972,1
Park,Brockie,bboss1q@example.com,scrypt:32768:8:1$7tl5mKSwhX8aYpU0$aaceecdeff62f75d3b47ce8e4d79271ab4e315736fa2b58e6655b1b975a58a6495a0e004a19e3d3c9af4ffdc11636c67c2f4e8c9440ba6de965cf559ea8a9a56,637-957-6760,1
Mikael,Valaree,vjekyll1r@xinhuanet.com,scrypt:32768:8:1$ZWltOLcRNPlXvHrU$b3f13a9080b71297f632270b07df72eca8d66c13ae2e10e875627b92f841ef7fa6e57509f8ffcf4004d3830f225610b2d136c99a850f98bc0b59ca1e09fbf47e,431-931-3629,1
Filmer,Aguistin,apitkins1s@sfgate.com,scrypt:32768:8:1$ZWltOLcRNPlXvHrU$b3f13a9080b71297f632270b07df72eca8d66c13ae2e10e875627b92f841ef7fa6e57509f8ffcf4004d3830f225610b2d136c99a850f98bc0b59ca1e09fbf47e,218-982-3251,0
Dulce,Prentiss,pmcjerrow1t@instagram.com,scrypt:32768:8:1$ZWltOLcRNPlXvHrU$b3f13a9080b71297f632270b07df72eca8d66c13ae2e10e875627b92f841ef7fa6e57509f8ffcf4004d3830f225610b2d136c99a850f98bc0b59ca1e09fbf47e,537-311-5461,1
Carley,Marlane,moborne1u@mozilla.org,scrypt:32768:8:1$ZWltOLcRNPlXvHrU$b3f13a9080b71297f632270b07df72eca8d66c13ae2e10e875627b92f841ef7fa6e57509f8ffcf4004d3830f225610b2d136c99a850f98bc0b59ca1e09fbf47e,317-299-4415,0
Idette,Lawry,lporritt1v@census.gov,scrypt:32768:8:1$ZWltOLcRNPlXvHrU$b3f13a9080b71297f632270b07df72eca8d66c13ae2e10e875627b92f841ef7fa6e57509f8ffcf4004d3830f225610b2d136c99a850f98bc0b59ca1e09fbf47e,646-899-0797,0
Ralf,Tory,tfuente1w@home.pl,scrypt:32768:8:1$ZWltOLcRNPlXvHrU$b3f13a9080b71297f632270b07df72eca8d66c13ae2e10e875627b92f841ef7fa6e57509f8ffcf4004d3830f225610b2d136c99a850f98bc0b59ca1e09fbf47e,807-947-4624,1
Verile,Stevy,sshoorbrooke1x@plala.or.jp,scrypt:32768:8:1$ZWltOLcRNPlXvHrU$b3f13a9080b71297f632270b07df72eca8d66c13ae2e10e875627b92f841ef7fa6e57509f8ffcf4004d3830f225610b2d136c99a850f98bc0b59ca1e09fbf47e,930-705-5454,1
Barri,Molly,mgiacomuzzo1y@bandcamp.com,scrypt:32768:8:1$3X3AcmVEMNvVHeMH$11dbd799a8c1d51bbd8c5c0f477ff92d99ae80f63619a140460d57812add985d831604ab59d689f3010f601c28aed4f9786cf112a2cb7173d662a982faa30bb6,443-209-4412,1
Luigi,Ban,bthomerson1z@europa.eu,scrypt:32768:8:1$3X3AcmVEMNvVHeMH$11dbd799a8c1d51bbd8c5c0f477ff92d99ae80f63619a140460d57812add985d831604ab59d689f3010f601c28aed4f9786cf112a2cb7173d662a982faa30bb6,278-336-6511,0
Boote,Ban,bmowsdale20@salon.com,scrypt:32768:8:1$3X3AcmVEMNvVHeMH$11dbd799a8c1d51bbd8c5c0f477ff92d99ae80f63619a140460d57812add985d831604ab59d689f3010f601c28aed4f9786cf112a2cb7173d662a982faa30bb6,289-741-5373,0
Adelaida,Brian,bspatig21@fotki.com,scrypt:32768:8:1$3X3AcmVEMNvVHeMH$11dbd799a8c1d51bbd8c5c0f477ff92d99ae80f63619a140460d57812add985d831604ab59d689f3010f601c28aed4f9786cf112a2cb7173d662a982faa30bb6,475-791-3893,1
Zandra,Sylvan,schadband22@tamu.edu,scrypt:32768:8:1$3X3AcmVEMNvVHeMH$11dbd799a8c1d51bbd8c5c0f477ff92d99ae80f63619a140460d57812add985d831604ab59d689f3010f601c28aed4f9786cf112a2cb7173d662a982faa30bb6,347-802-5680,0
Riane,Nicolea,njedrzejczyk23@fc2.com,scrypt:32768:8:1$3X3AcmVEMNvVHeMH$11dbd799a8c1d51bbd8c5c0f477ff92d99ae80f63619a140460d57812add985d831604ab59d689f3010f601c28aed4f9786cf112a2cb7173d662a982faa30bb6,934-963-2735,0
Conan,Bethanne,bbozworth24@squarespace.com,scrypt:32768:8:1$3X3AcmVEMNvVHeMH$11dbd799a8c1d51bbd8c5c0f477ff92d99ae80f63619a140460d57812add985d831604ab59d689f3010f601c28aed4f9786cf112a2cb7173d662a982faa30bb6,669-623-6698,0
Ilene,Tabbie,tluisetti25@state.tx.us,scrypt:32768:8:1$4TziFHS3GdjKivjj$a3962fea6df657d45ce929b469365d88b731a94e5fa6a98ba8d037fd12cb291ea476dd2c8f252082e9c62aa5ea186b2cd426494b7245f09123513a0f6d925ea2,706-408-0173,1
Nefen,Nerty,nwathall26@bbc.co.uk,scrypt:32768:8:1$4TziFHS3GdjKivjj$a3962fea6df657d45ce929b469365d88b731a94e5fa6a98ba8d037fd12cb291ea476dd2c8f252082e9c62aa5ea186b2cd426494b7245f09123513a0f6d925ea2,312-902-7258,1
Nanny,Frazier,fgrzesiak27@creativecommons.org,scrypt:32768:8:1$4TziFHS3GdjKivjj$a3962fea6df657d45ce929b469365d88b731a94e5fa6a98ba8d037fd12cb291ea476dd2c8f252082e9c62aa5ea186b2cd426494b7245f09123513a0f6d925ea2,260-639-7950,0
Antonetta,Desi,dmale28@gnu.org,scrypt:32768:8:1$4TziFHS3GdjKivjj$a3962fea6df657d45ce929b469365d88b731a94e5fa6a98ba8d037fd12cb291ea476dd2c8f252082e9c62aa5ea186b2cd426494b7245f09123513a0f6d925ea2,799-962-8915,0
Sheena,Elias,esainsbury29@dmoz.org,scrypt:32768:8:1$4TziFHS3GdjKivjj$a3962fea6df657d45ce929b469365d88b731a94e5fa6a98ba8d037fd12cb291ea476dd2c8f252082e9c62aa5ea186b2cd426494b7245f09123513a0f6d925ea2,742-537-5429,1
Tedman,Nevin,nwestcarr2a@weebly.com,scrypt:32768:8:1$4TziFHS3GdjKivjj$a3962fea6df657d45ce929b469365d88b731a94e5fa6a98ba8d037fd12cb291ea476dd2c8f252082e9c62aa5ea186b2cd426494b7245f09123513a0f6d925ea2,186-270-6448,1
Evanne,Daven,dbriant2b@ebay.co.uk,scrypt:32768:8:1$4TziFHS3GdjKivjj$a3962fea6df657d45ce929b469365d88b731a94e5fa6a98ba8d037fd12cb291ea476dd2c8f252082e9c62aa5ea186b2cd426494b7245f09123513a0f6d925ea2,845-815-3915,1
Madison,Trace,ttreasure2c@digg.com,scrypt:32768:8:1$Ah3iE7ns4IYv3VNk$b8dff03f8d5d6de0a37731c6a4e2f2221f3e09b11395718e5242b078000ea02dc424fe9faef34b8e34613a602dbdb9d003f560f13b64107dcdc944c4d31cb30b,538-584-6679,1
Asher,Avram,alebbern2d@jiathis.com,scrypt:32768:8:1$Ah3iE7ns4IYv3VNk$b8dff03f8d5d6de0a37731c6a4e2f2221f3e09b11395718e5242b078000ea02dc424fe9faef34b8e34613a602dbdb9d003f560f13b64107dcdc944c4d31cb30b,815-228-3851,0
Mathew,Rosene,rmacdearmid2e@guardian.co.uk,scrypt:32768:8:1$Ah3iE7ns4IYv3VNk$b8dff03f8d5d6de0a37731c6a4e2f2221f3e09b11395718e5242b078000ea02dc424fe9faef34b8e34613a602dbdb9d003f560f13b64107dcdc944c4d31cb30b,627-589-7382,0
Darsey,Mireille,mcranage2f@tiny.cc,scrypt:32768:8:1$Ah3iE7ns4IYv3VNk$b8dff03f8d5d6de0a37731c6a4e2f2221f3e09b11395718e5242b078000ea02dc424fe9faef34b8e34613a602dbdb9d003f560f13b64107dcdc944c4d31cb30b,376-645-3918,1
Amber,Lewiss,lminger2g@surveymonkey.com,scrypt:32768:8:1$Ah3iE7ns4IYv3VNk$b8dff03f8d5d6de0a37731c6a4e2f2221f3e09b11395718e5242b078000ea02dc424fe9faef34b8e34613a602dbdb9d003f560f13b64107dcdc944c4d31cb30b,875-770-9253,1
Bertine,Jerrie,jwoodland2h@nationalgeographic.com,scrypt:32768:8:1$Ah3iE7ns4IYv3VNk$b8dff03f8d5d6de0a37731c6a4e2f2221f3e09b11395718e5242b078000ea02dc424fe9faef34b8e34613a602dbdb9d003f560f13b64107dcdc944c4d31cb30b,917-413-9080,1
Micki,Abramo,arollings2i@home.pl,scrypt:32768:8:1$Ah3iE7ns4IYv3VNk$b8dff03f8d5d6de0a37731c6a4e2f2221f3e09b11395718e5242b078000ea02dc424fe9faef34b8e34613a602dbdb9d003f560f13b64107dcdc944c4d31cb30b,592-781-0397,0
Cullin,Raffarty,rmackney2j@dailymotion.com,scrypt:32768:8:1$Ah3iE7ns4IYv3VNk$b8dff03f8d5d6de0a37731c6a4e2f2221f3e09b11395718e5242b078000ea02dc424fe9faef34b8e34613a602dbdb9d003f560f13b64107dcdc944c4d31cb30b,780-793-2191,1
Alis,Tiff,tmorcombe2k@google.ru,scrypt:32768:8:1$bnQtFADtmjv3XeBA$1430fdb22ce162f4a2ff278d30e08004438b940d6996aa5dfd26fee7d70eb9e719f76bf17ead2bc156b4249e375780a8c3624e312e8ef5f932431eb01417fe91,241-798-0079,0
Sherline,Fawnia,freinhardt2l@eepurl.com,scrypt:32768:8:1$bnQtFADtmjv3XeBA$1430fdb22ce162f4a2ff278d30e08004438b940d6996aa5dfd26fee7d70eb9e719f76bf17ead2bc156b4249e375780a8c3624e312e8ef5f932431eb01417fe91,942-300-3705,0
Lucius,Spence,sjahncke2m@google.com.br,scrypt:32768:8:1$bnQtFADtmjv3XeBA$1430fdb22ce162f4a2ff278d30e08004438b940d6996aa5dfd26fee7d70eb9e719f76bf17ead2bc156b4249e375780a8c3624e312e8ef5f932431eb01417fe91,989-944-4449,1
Delly,Janel,jmcginley2n@uiuc.edu,scrypt:32768:8:1$bnQtFADtmjv3XeBA$1430fdb22ce162f4a2ff278d30e08004438b940d6996aa5dfd26fee7d70eb9e719f76bf17ead2bc156b4249e375780a8c3624e312e8ef5f932431eb01417fe91,928-426-8419,0
Doro,Pat,pconstant2o@berkeley.edu,scrypt:32768:8:1$MUwmltGsq3VPj6aY$30623a8ee713422407b4bcdd5438b6c1dc729a572511828472df7fefecc58ab029f193a33d28090695dad9085083ceee799530a3f51c44132000047ef6a21b55,943-741-4503,0
Melitta,Sioux,ssircombe2p@fema.gov,scrypt:32768:8:1$MUwmltGsq3VPj6aY$30623a8ee713422407b4bcdd5438b6c1dc729a572511828472df7fefecc58ab029f193a33d28090695dad9085083ceee799530a3f51c44132000047ef6a21b55,838-681-5846,0
Kaiser,Franky,fchallice2q@soup.io,scrypt:32768:8:1$MUwmltGsq3VPj6aY$30623a8ee713422407b4bcdd5438b6c1dc729a572511828472df7fefecc58ab029f193a33d28090695dad9085083ceee799530a3f51c44132000047ef6a21b55,541-682-0171,1
100,Kev,Randal,rhearnaman2r@shinystat.com,scrypt:32768:8:1$MUwmltGsq3VPj6aY$30623a8ee713422407b4bcdd5438b6c1dc729a572511828472df7fefecc58ab029f193a33d28090695dad9085083ceee799530a3f51c44132000047ef6a21b55,502-894-4742,1
